<?xml version="1.0" encoding="UTF-8"?>
<mesh>
    <sharedgeometry vertexcount="160">
        <vertexbuffer texture_coords="1" positions="true" normals="true" colours_diffuse="False">
            <vertex>
                <position z="-0.518960" y="1.300000" x="-0.214959"/>
                <normal z="-0.856737" y="0.445488" x="-0.259887"/>
                <texcoord u="0.503934" v="0.584631"/>
            </vertex>
            <vertex>
                <position z="-0.000000" y="2.423435" x="-0.000000"/>
                <normal z="-0.856737" y="0.445488" x="-0.259887"/>
                <texcoord u="0.358118" v="0.233703"/>
            </vertex>
            <vertex>
                <position z="-0.550925" y="1.300000" x="-0.109585"/>
                <normal z="-0.856737" y="0.445488" x="-0.259887"/>
                <texcoord u="0.492611" v="0.628871"/>
            </vertex>
            <vertex>
                <position z="-0.561718" y="1.300000" x="-0.000000"/>
                <normal z="-0.890977" y="0.445488" x="0.087753"/>
                <texcoord u="0.480001" v="0.669695"/>
            </vertex>
            <vertex>
                <position z="-0.000000" y="2.423435" x="-0.000000"/>
                <normal z="-0.890977" y="0.445488" x="0.087753"/>
                <texcoord u="0.358118" v="0.233703"/>
            </vertex>
            <vertex>
                <position z="-0.550924" y="1.300000" x="0.109586"/>
                <normal z="-0.890977" y="0.445488" x="0.087753"/>
                <texcoord u="0.465179" v="0.705535"/>
            </vertex>
            <vertex>
                <position z="-0.467052" y="1.300000" x="-0.312073"/>
                <normal z="-0.789574" y="0.445488" x="-0.422035"/>
                <texcoord u="0.514673" v="0.538676"/>
            </vertex>
            <vertex>
                <position z="-0.000000" y="2.423435" x="-0.000000"/>
                <normal z="-0.789574" y="0.445488" x="-0.422035"/>
                <texcoord u="0.358118" v="0.233703"/>
            </vertex>
            <vertex>
                <position z="-0.518960" y="1.300000" x="-0.214959"/>
                <normal z="-0.789574" y="0.445488" x="-0.422035"/>
                <texcoord u="0.503934" v="0.584631"/>
            </vertex>
            <vertex>
                <position z="-0.397195" y="1.300000" x="-0.397194"/>
                <normal z="-0.692067" y="0.445488" x="-0.567964"/>
                <texcoord u="0.525429" v="0.492772"/>
            </vertex>
            <vertex>
                <position z="-0.000000" y="2.423435" x="-0.000000"/>
                <normal z="-0.692067" y="0.445488" x="-0.567964"/>
                <texcoord u="0.358118" v="0.233703"/>
            </vertex>
            <vertex>
                <position z="-0.467052" y="1.300000" x="-0.312073"/>
                <normal z="-0.692067" y="0.445488" x="-0.567964"/>
                <texcoord u="0.514673" v="0.538676"/>
            </vertex>
            <vertex>
                <position z="-0.312074" y="1.300000" x="-0.467051"/>
                <normal z="-0.567966" y="0.445488" x="-0.692066"/>
                <texcoord u="0.536805" v="0.448683"/>
            </vertex>
            <vertex>
                <position z="-0.000000" y="2.423435" x="-0.000000"/>
                <normal z="-0.567966" y="0.445488" x="-0.692066"/>
                <texcoord u="0.358118" v="0.233703"/>
            </vertex>
            <vertex>
                <position z="-0.397195" y="1.300000" x="-0.397194"/>
                <normal z="-0.567966" y="0.445488" x="-0.692066"/>
                <texcoord u="0.525429" v="0.492772"/>
            </vertex>
            <vertex>
                <position z="-0.214961" y="1.300000" x="-0.518959"/>
                <normal z="-0.422037" y="0.445488" x="-0.789573"/>
                <texcoord u="0.549514" v="0.408103"/>
            </vertex>
            <vertex>
                <position z="-0.000000" y="2.423435" x="-0.000000"/>
                <normal z="-0.422037" y="0.445488" x="-0.789573"/>
                <texcoord u="0.358118" v="0.233703"/>
            </vertex>
            <vertex>
                <position z="-0.312074" y="1.300000" x="-0.467051"/>
                <normal z="-0.422037" y="0.445488" x="-0.789573"/>
                <texcoord u="0.536805" v="0.448683"/>
            </vertex>
            <vertex>
                <position z="-0.109587" y="1.300000" x="-0.550924"/>
                <normal z="-0.259889" y="0.445488" x="-0.856737"/>
                <texcoord u="0.564498" v="0.372592"/>
            </vertex>
            <vertex>
                <position z="-0.000000" y="2.423435" x="-0.000000"/>
                <normal z="-0.259889" y="0.445488" x="-0.856737"/>
                <texcoord u="0.358118" v="0.233703"/>
            </vertex>
            <vertex>
                <position z="-0.214961" y="1.300000" x="-0.518959"/>
                <normal z="-0.259889" y="0.445488" x="-0.856737"/>
                <texcoord u="0.549514" v="0.408103"/>
            </vertex>
            <vertex>
                <position z="-0.000001" y="1.300000" x="-0.561717"/>
                <normal z="-0.087754" y="0.445488" x="-0.890977"/>
                <texcoord u="0.583049" v="0.343515"/>
            </vertex>
            <vertex>
                <position z="-0.000000" y="2.423435" x="-0.000000"/>
                <normal z="-0.087754" y="0.445488" x="-0.890977"/>
                <texcoord u="0.358118" v="0.233703"/>
            </vertex>
            <vertex>
                <position z="-0.109587" y="1.300000" x="-0.550924"/>
                <normal z="-0.087754" y="0.445488" x="-0.890977"/>
                <texcoord u="0.564498" v="0.372592"/>
            </vertex>
            <vertex>
                <position z="0.109585" y="1.300000" x="-0.550924"/>
                <normal z="0.087753" y="0.445488" x="-0.890977"/>
                <texcoord u="0.606763" v="0.321988"/>
            </vertex>
            <vertex>
                <position z="-0.000000" y="2.423435" x="-0.000000"/>
                <normal z="0.087753" y="0.445488" x="-0.890977"/>
                <texcoord u="0.358118" v="0.233703"/>
            </vertex>
            <vertex>
                <position z="-0.000001" y="1.300000" x="-0.561717"/>
                <normal z="0.087753" y="0.445488" x="-0.890977"/>
                <texcoord u="0.583049" v="0.343515"/>
            </vertex>
            <vertex>
                <position z="0.214959" y="1.300000" x="-0.518959"/>
                <normal z="0.259887" y="0.445488" x="-0.856737"/>
                <texcoord u="0.636768" v="0.308839"/>
            </vertex>
            <vertex>
                <position z="-0.000000" y="2.423435" x="-0.000000"/>
                <normal z="0.259887" y="0.445488" x="-0.856737"/>
                <texcoord u="0.358118" v="0.233703"/>
            </vertex>
            <vertex>
                <position z="0.109585" y="1.300000" x="-0.550924"/>
                <normal z="0.259887" y="0.445488" x="-0.856737"/>
                <texcoord u="0.606763" v="0.321988"/>
            </vertex>
            <vertex>
                <position z="0.312073" y="1.300000" x="-0.467051"/>
                <normal z="0.422035" y="0.445488" x="-0.789574"/>
                <texcoord u="0.671644" v="0.304574"/>
            </vertex>
            <vertex>
                <position z="-0.000000" y="2.423435" x="-0.000000"/>
                <normal z="0.422035" y="0.445488" x="-0.789574"/>
                <texcoord u="0.358118" v="0.233703"/>
            </vertex>
            <vertex>
                <position z="0.214959" y="1.300000" x="-0.518959"/>
                <normal z="0.422035" y="0.445488" x="-0.789574"/>
                <texcoord u="0.636768" v="0.308839"/>
            </vertex>
            <vertex>
                <position z="0.397193" y="1.300000" x="-0.397194"/>
                <normal z="0.567964" y="0.445488" x="-0.692067"/>
                <texcoord u="0.081351" v="0.309356"/>
            </vertex>
            <vertex>
                <position z="-0.000000" y="2.423435" x="-0.000000"/>
                <normal z="0.567964" y="0.445488" x="-0.692067"/>
                <texcoord u="0.358118" v="0.233703"/>
            </vertex>
            <vertex>
                <position z="0.312073" y="1.300000" x="-0.467051"/>
                <normal z="0.567964" y="0.445488" x="-0.692067"/>
                <texcoord u="0.046644" v="0.304574"/>
            </vertex>
            <vertex>
                <position z="0.467050" y="1.300000" x="-0.312074"/>
                <normal z="0.692066" y="0.445488" x="-0.567965"/>
                <texcoord u="0.110998" v="0.323001"/>
            </vertex>
            <vertex>
                <position z="-0.000000" y="2.423435" x="-0.000000"/>
                <normal z="0.692066" y="0.445488" x="-0.567965"/>
                <texcoord u="0.358118" v="0.233703"/>
            </vertex>
            <vertex>
                <position z="0.397193" y="1.300000" x="-0.397194"/>
                <normal z="0.692066" y="0.445488" x="-0.567965"/>
                <texcoord u="0.081351" v="0.309356"/>
            </vertex>
            <vertex>
                <position z="0.518959" y="1.300000" x="-0.214960"/>
                <normal z="0.789573" y="0.445488" x="-0.422036"/>
                <texcoord u="0.134374" v="0.344986"/>
            </vertex>
            <vertex>
                <position z="-0.000000" y="2.423435" x="-0.000000"/>
                <normal z="0.789573" y="0.445488" x="-0.422036"/>
                <texcoord u="0.358118" v="0.233703"/>
            </vertex>
            <vertex>
                <position z="0.467050" y="1.300000" x="-0.312074"/>
                <normal z="0.789573" y="0.445488" x="-0.422036"/>
                <texcoord u="0.110998" v="0.323001"/>
            </vertex>
            <vertex>
                <position z="0.550924" y="1.300000" x="-0.109586"/>
                <normal z="0.856737" y="0.445488" x="-0.259889"/>
                <texcoord u="0.152679" v="0.374465"/>
            </vertex>
            <vertex>
                <position z="-0.000000" y="2.423435" x="-0.000000"/>
                <normal z="0.856737" y="0.445488" x="-0.259889"/>
                <texcoord u="0.358118" v="0.233703"/>
            </vertex>
            <vertex>
                <position z="0.518959" y="1.300000" x="-0.214960"/>
                <normal z="0.856737" y="0.445488" x="-0.259889"/>
                <texcoord u="0.134374" v="0.344986"/>
            </vertex>
            <vertex>
                <position z="0.561717" y="1.300000" x="-0.000000"/>
                <normal z="0.890977" y="0.445488" x="-0.087754"/>
                <texcoord u="0.167501" v="0.410305"/>
            </vertex>
            <vertex>
                <position z="-0.000000" y="2.423435" x="-0.000000"/>
                <normal z="0.890977" y="0.445488" x="-0.087754"/>
                <texcoord u="0.358118" v="0.233703"/>
            </vertex>
            <vertex>
                <position z="0.550924" y="1.300000" x="-0.109586"/>
                <normal z="0.890977" y="0.445488" x="-0.087754"/>
                <texcoord u="0.152679" v="0.374465"/>
            </vertex>
            <vertex>
                <position z="0.550924" y="1.300000" x="0.109585"/>
                <normal z="0.890977" y="0.445488" x="0.087754"/>
                <texcoord u="0.180111" v="0.451130"/>
            </vertex>
            <vertex>
                <position z="-0.000000" y="2.423435" x="-0.000000"/>
                <normal z="0.890977" y="0.445488" x="0.087754"/>
                <texcoord u="0.358118" v="0.233703"/>
            </vertex>
            <vertex>
                <position z="0.561717" y="1.300000" x="-0.000000"/>
                <normal z="0.890977" y="0.445488" x="0.087754"/>
                <texcoord u="0.167501" v="0.410305"/>
            </vertex>
            <vertex>
                <position z="0.518959" y="1.300000" x="0.214960"/>
                <normal z="0.856737" y="0.445488" x="0.259888"/>
                <texcoord u="0.580082" v="0.615078"/>
            </vertex>
            <vertex>
                <position z="-0.000000" y="2.423435" x="-0.000000"/>
                <normal z="0.856737" y="0.445488" x="0.259888"/>
                <texcoord u="0.344688" v="0.154546"/>
            </vertex>
            <vertex>
                <position z="0.550924" y="1.300000" x="0.109585"/>
                <normal z="0.856737" y="0.445488" x="0.259888"/>
                <texcoord u="0.565225" v="0.634326"/>
            </vertex>
            <vertex>
                <position z="0.467051" y="1.300000" x="0.312073"/>
                <normal z="0.789573" y="0.445488" x="0.422035"/>
                <texcoord u="0.202173" v="0.541324"/>
            </vertex>
            <vertex>
                <position z="-0.000000" y="2.423435" x="-0.000000"/>
                <normal z="0.789573" y="0.445488" x="0.422035"/>
                <texcoord u="0.358118" v="0.233703"/>
            </vertex>
            <vertex>
                <position z="0.518959" y="1.300000" x="0.214960"/>
                <normal z="0.789573" y="0.445488" x="0.422035"/>
                <texcoord u="0.191434" v="0.495369"/>
            </vertex>
            <vertex>
                <position z="0.397194" y="1.300000" x="0.397194"/>
                <normal z="0.692067" y="0.445488" x="0.567965"/>
                <texcoord u="0.212929" v="0.587228"/>
            </vertex>
            <vertex>
                <position z="-0.000000" y="2.423435" x="-0.000000"/>
                <normal z="0.692067" y="0.445488" x="0.567965"/>
                <texcoord u="0.358118" v="0.233703"/>
            </vertex>
            <vertex>
                <position z="0.467051" y="1.300000" x="0.312073"/>
                <normal z="0.692067" y="0.445488" x="0.567965"/>
                <texcoord u="0.202173" v="0.541324"/>
            </vertex>
            <vertex>
                <position z="0.312073" y="1.300000" x="0.467051"/>
                <normal z="0.567965" y="0.445488" x="0.692067"/>
                <texcoord u="0.224305" v="0.631317"/>
            </vertex>
            <vertex>
                <position z="-0.000000" y="2.423435" x="-0.000000"/>
                <normal z="0.567965" y="0.445488" x="0.692067"/>
                <texcoord u="0.358118" v="0.233703"/>
            </vertex>
            <vertex>
                <position z="0.397194" y="1.300000" x="0.397194"/>
                <normal z="0.567965" y="0.445488" x="0.692067"/>
                <texcoord u="0.212929" v="0.587228"/>
            </vertex>
            <vertex>
                <position z="0.214959" y="1.300000" x="0.518959"/>
                <normal z="0.422035" y="0.445488" x="0.789574"/>
                <texcoord u="0.237014" v="0.671897"/>
            </vertex>
            <vertex>
                <position z="-0.000000" y="2.423435" x="-0.000000"/>
                <normal z="0.422035" y="0.445488" x="0.789574"/>
                <texcoord u="0.358118" v="0.233703"/>
            </vertex>
            <vertex>
                <position z="0.312073" y="1.300000" x="0.467051"/>
                <normal z="0.422035" y="0.445488" x="0.789574"/>
                <texcoord u="0.224305" v="0.631317"/>
            </vertex>
            <vertex>
                <position z="0.109585" y="1.300000" x="0.550924"/>
                <normal z="0.259888" y="0.445488" x="0.856737"/>
                <texcoord u="0.251998" v="0.707408"/>
            </vertex>
            <vertex>
                <position z="-0.000000" y="2.423435" x="-0.000000"/>
                <normal z="0.259888" y="0.445488" x="0.856737"/>
                <texcoord u="0.358118" v="0.233703"/>
            </vertex>
            <vertex>
                <position z="0.214959" y="1.300000" x="0.518959"/>
                <normal z="0.259888" y="0.445488" x="0.856737"/>
                <texcoord u="0.237014" v="0.671897"/>
            </vertex>
            <vertex>
                <position z="-0.000000" y="1.300000" x="0.561717"/>
                <normal z="0.087754" y="0.445488" x="0.890977"/>
                <texcoord u="0.270549" v="0.736485"/>
            </vertex>
            <vertex>
                <position z="-0.000000" y="2.423435" x="-0.000000"/>
                <normal z="0.087754" y="0.445488" x="0.890977"/>
                <texcoord u="0.358118" v="0.233703"/>
            </vertex>
            <vertex>
                <position z="0.109585" y="1.300000" x="0.550924"/>
                <normal z="0.087754" y="0.445488" x="0.890977"/>
                <texcoord u="0.251998" v="0.707408"/>
            </vertex>
            <vertex>
                <position z="-0.109586" y="1.300000" x="0.550924"/>
                <normal z="-0.087754" y="0.445488" x="0.890977"/>
                <texcoord u="0.294263" v="0.758012"/>
            </vertex>
            <vertex>
                <position z="-0.000000" y="2.423435" x="-0.000000"/>
                <normal z="-0.087754" y="0.445488" x="0.890977"/>
                <texcoord u="0.358118" v="0.233703"/>
            </vertex>
            <vertex>
                <position z="-0.000000" y="1.300000" x="0.561717"/>
                <normal z="-0.087754" y="0.445488" x="0.890977"/>
                <texcoord u="0.270549" v="0.736485"/>
            </vertex>
            <vertex>
                <position z="-0.214960" y="1.300000" x="0.518959"/>
                <normal z="-0.259888" y="0.445488" x="0.856737"/>
                <texcoord u="0.324268" v="0.771161"/>
            </vertex>
            <vertex>
                <position z="-0.000000" y="2.423435" x="-0.000000"/>
                <normal z="-0.259888" y="0.445488" x="0.856737"/>
                <texcoord u="0.358118" v="0.233703"/>
            </vertex>
            <vertex>
                <position z="-0.109586" y="1.300000" x="0.550924"/>
                <normal z="-0.259888" y="0.445488" x="0.856737"/>
                <texcoord u="0.294263" v="0.758012"/>
            </vertex>
            <vertex>
                <position z="-0.312074" y="1.300000" x="0.467051"/>
                <normal z="-0.422035" y="0.445488" x="0.789573"/>
                <texcoord u="0.359144" v="0.775426"/>
            </vertex>
            <vertex>
                <position z="-0.000000" y="2.423435" x="-0.000000"/>
                <normal z="-0.422035" y="0.445488" x="0.789573"/>
                <texcoord u="0.358118" v="0.233703"/>
            </vertex>
            <vertex>
                <position z="-0.214960" y="1.300000" x="0.518959"/>
                <normal z="-0.422035" y="0.445488" x="0.789573"/>
                <texcoord u="0.324268" v="0.771161"/>
            </vertex>
            <vertex>
                <position z="-0.397195" y="1.300000" x="0.397194"/>
                <normal z="-0.567965" y="0.445488" x="0.692067"/>
                <texcoord u="0.393851" v="0.770644"/>
            </vertex>
            <vertex>
                <position z="-0.000000" y="2.423435" x="-0.000000"/>
                <normal z="-0.567965" y="0.445488" x="0.692067"/>
                <texcoord u="0.358118" v="0.233703"/>
            </vertex>
            <vertex>
                <position z="-0.312074" y="1.300000" x="0.467051"/>
                <normal z="-0.567965" y="0.445488" x="0.692067"/>
                <texcoord u="0.359144" v="0.775426"/>
            </vertex>
            <vertex>
                <position z="-0.467051" y="1.300000" x="0.312073"/>
                <normal z="-0.692067" y="0.445488" x="0.567965"/>
                <texcoord u="0.423498" v="0.756999"/>
            </vertex>
            <vertex>
                <position z="-0.000000" y="2.423435" x="-0.000000"/>
                <normal z="-0.692067" y="0.445488" x="0.567965"/>
                <texcoord u="0.358118" v="0.233703"/>
            </vertex>
            <vertex>
                <position z="-0.397195" y="1.300000" x="0.397194"/>
                <normal z="-0.692067" y="0.445488" x="0.567965"/>
                <texcoord u="0.393851" v="0.770644"/>
            </vertex>
            <vertex>
                <position z="-0.518960" y="1.300000" x="0.214960"/>
                <normal z="-0.789573" y="0.445488" x="0.422036"/>
                <texcoord u="0.446874" v="0.735014"/>
            </vertex>
            <vertex>
                <position z="-0.000000" y="2.423435" x="-0.000000"/>
                <normal z="-0.789573" y="0.445488" x="0.422036"/>
                <texcoord u="0.358118" v="0.233703"/>
            </vertex>
            <vertex>
                <position z="-0.467051" y="1.300000" x="0.312073"/>
                <normal z="-0.789573" y="0.445488" x="0.422036"/>
                <texcoord u="0.423498" v="0.756999"/>
            </vertex>
            <vertex>
                <position z="-0.550925" y="1.300000" x="-0.109585"/>
                <normal z="-0.890977" y="0.445488" x="-0.087753"/>
                <texcoord u="0.492611" v="0.628871"/>
            </vertex>
            <vertex>
                <position z="-0.000000" y="2.423435" x="-0.000000"/>
                <normal z="-0.890977" y="0.445488" x="-0.087753"/>
                <texcoord u="0.358118" v="0.233703"/>
            </vertex>
            <vertex>
                <position z="-0.561718" y="1.300000" x="-0.000000"/>
                <normal z="-0.890977" y="0.445488" x="-0.087753"/>
                <texcoord u="0.480001" v="0.669695"/>
            </vertex>
            <vertex>
                <position z="-0.550924" y="1.300000" x="0.109586"/>
                <normal z="-0.856737" y="0.445488" x="0.259888"/>
                <texcoord u="0.465179" v="0.705535"/>
            </vertex>
            <vertex>
                <position z="-0.000000" y="2.423435" x="-0.000000"/>
                <normal z="-0.856737" y="0.445488" x="0.259888"/>
                <texcoord u="0.358118" v="0.233703"/>
            </vertex>
            <vertex>
                <position z="-0.518960" y="1.300000" x="0.214960"/>
                <normal z="-0.856737" y="0.445488" x="0.259888"/>
                <texcoord u="0.446874" v="0.735014"/>
            </vertex>
            <vertex>
                <position z="-0.561718" y="1.300000" x="-0.000000"/>
                <normal z="-0.000000" y="-1.000000" x="0.000000"/>
                <texcoord u="0.480001" v="0.669695"/>
            </vertex>
            <vertex>
                <position z="-0.550924" y="1.300000" x="0.109586"/>
                <normal z="-0.000000" y="-1.000000" x="0.000000"/>
                <texcoord u="0.465179" v="0.705535"/>
            </vertex>
            <vertex>
                <position z="-0.550925" y="1.300000" x="-0.109585"/>
                <normal z="-0.000000" y="-1.000000" x="0.000000"/>
                <texcoord u="0.492611" v="0.628871"/>
            </vertex>
            <vertex>
                <position z="-0.550924" y="1.300000" x="0.109586"/>
                <normal z="-0.000000" y="-1.000000" x="0.000000"/>
                <texcoord u="0.465179" v="0.705535"/>
            </vertex>
            <vertex>
                <position z="-0.518960" y="1.300000" x="0.214960"/>
                <normal z="-0.000000" y="-1.000000" x="0.000000"/>
                <texcoord u="0.446874" v="0.735014"/>
            </vertex>
            <vertex>
                <position z="-0.467051" y="1.300000" x="0.312073"/>
                <normal z="-0.000000" y="-1.000000" x="0.000000"/>
                <texcoord u="0.423498" v="0.756999"/>
            </vertex>
            <vertex>
                <position z="-0.467051" y="1.300000" x="0.312073"/>
                <normal z="-0.000000" y="-1.000000" x="0.000000"/>
                <texcoord u="0.423498" v="0.756999"/>
            </vertex>
            <vertex>
                <position z="-0.397195" y="1.300000" x="0.397194"/>
                <normal z="-0.000000" y="-1.000000" x="0.000000"/>
                <texcoord u="0.393851" v="0.770644"/>
            </vertex>
            <vertex>
                <position z="-0.312074" y="1.300000" x="0.467051"/>
                <normal z="-0.000000" y="-1.000000" x="0.000000"/>
                <texcoord u="0.359144" v="0.775426"/>
            </vertex>
            <vertex>
                <position z="-0.214960" y="1.300000" x="0.518959"/>
                <normal z="-0.000000" y="-1.000000" x="0.000000"/>
                <texcoord u="0.324268" v="0.771161"/>
            </vertex>
            <vertex>
                <position z="-0.109586" y="1.300000" x="0.550924"/>
                <normal z="-0.000000" y="-1.000000" x="0.000000"/>
                <texcoord u="0.919263" v="0.758012"/>
            </vertex>
            <vertex>
                <position z="-0.000000" y="1.300000" x="0.561717"/>
                <normal z="-0.000000" y="-1.000000" x="0.000000"/>
                <texcoord u="0.895549" v="0.736485"/>
            </vertex>
            <vertex>
                <position z="0.109585" y="1.300000" x="0.550924"/>
                <normal z="-0.000000" y="-1.000000" x="0.000000"/>
                <texcoord u="0.876998" v="0.707408"/>
            </vertex>
            <vertex>
                <position z="0.214959" y="1.300000" x="0.518959"/>
                <normal z="-0.000000" y="-1.000000" x="0.000000"/>
                <texcoord u="0.862014" v="0.671897"/>
            </vertex>
            <vertex>
                <position z="0.312073" y="1.300000" x="0.467051"/>
                <normal z="-0.000000" y="-1.000000" x="0.000000"/>
                <texcoord u="0.849305" v="0.631317"/>
            </vertex>
            <vertex>
                <position z="0.397194" y="1.300000" x="0.397194"/>
                <normal z="-0.000000" y="-1.000000" x="0.000000"/>
                <texcoord u="0.837929" v="0.587228"/>
            </vertex>
            <vertex>
                <position z="0.467051" y="1.300000" x="0.312073"/>
                <normal z="-0.000000" y="-1.000000" x="0.000000"/>
                <texcoord u="0.827173" v="0.541324"/>
            </vertex>
            <vertex>
                <position z="0.518959" y="1.300000" x="0.214960"/>
                <normal z="-0.000000" y="-1.000000" x="0.000000"/>
                <texcoord u="0.816434" v="0.495369"/>
            </vertex>
            <vertex>
                <position z="0.550924" y="1.300000" x="0.109585"/>
                <normal z="-0.000000" y="-1.000000" x="0.000000"/>
                <texcoord u="0.805111" v="0.451130"/>
            </vertex>
            <vertex>
                <position z="0.561717" y="1.300000" x="-0.000000"/>
                <normal z="-0.000000" y="-1.000000" x="0.000000"/>
                <texcoord u="0.792501" v="0.410305"/>
            </vertex>
            <vertex>
                <position z="0.550924" y="1.300000" x="-0.109586"/>
                <normal z="-0.000000" y="-1.000000" x="0.000000"/>
                <texcoord u="0.777679" v="0.374465"/>
            </vertex>
            <vertex>
                <position z="0.518959" y="1.300000" x="-0.214960"/>
                <normal z="-0.000000" y="-1.000000" x="0.000000"/>
                <texcoord u="0.759374" v="0.344986"/>
            </vertex>
            <vertex>
                <position z="0.467050" y="1.300000" x="-0.312074"/>
                <normal z="-0.000000" y="-1.000000" x="0.000000"/>
                <texcoord u="0.735998" v="0.323001"/>
            </vertex>
            <vertex>
                <position z="0.397193" y="1.300000" x="-0.397194"/>
                <normal z="-0.000000" y="-1.000000" x="0.000000"/>
                <texcoord u="0.706351" v="0.309356"/>
            </vertex>
            <vertex>
                <position z="0.312073" y="1.300000" x="-0.467051"/>
                <normal z="-0.000000" y="-1.000000" x="0.000000"/>
                <texcoord u="0.671644" v="0.304574"/>
            </vertex>
            <vertex>
                <position z="0.214959" y="1.300000" x="-0.518959"/>
                <normal z="-0.000000" y="-1.000000" x="0.000000"/>
                <texcoord u="0.636768" v="0.308839"/>
            </vertex>
            <vertex>
                <position z="0.109585" y="1.300000" x="-0.550924"/>
                <normal z="-0.000000" y="-1.000000" x="0.000000"/>
                <texcoord u="0.606763" v="0.321988"/>
            </vertex>
            <vertex>
                <position z="-0.000001" y="1.300000" x="-0.561717"/>
                <normal z="0.000000" y="-1.000000" x="0.000000"/>
                <texcoord u="0.583049" v="0.343515"/>
            </vertex>
            <vertex>
                <position z="-0.109587" y="1.300000" x="-0.550924"/>
                <normal z="0.000000" y="-1.000000" x="0.000000"/>
                <texcoord u="0.564498" v="0.372592"/>
            </vertex>
            <vertex>
                <position z="-0.214961" y="1.300000" x="-0.518959"/>
                <normal z="-0.000000" y="-1.000000" x="0.000000"/>
                <texcoord u="0.549514" v="0.408103"/>
            </vertex>
            <vertex>
                <position z="-0.312074" y="1.300000" x="-0.467051"/>
                <normal z="-0.000000" y="-1.000000" x="0.000000"/>
                <texcoord u="0.536805" v="0.448683"/>
            </vertex>
            <vertex>
                <position z="-0.397195" y="1.300000" x="-0.397194"/>
                <normal z="-0.000000" y="-1.000000" x="0.000000"/>
                <texcoord u="0.525429" v="0.492772"/>
            </vertex>
            <vertex>
                <position z="-0.467052" y="1.300000" x="-0.312073"/>
                <normal z="-0.000000" y="-1.000000" x="0.000000"/>
                <texcoord u="0.514673" v="0.538676"/>
            </vertex>
            <vertex>
                <position z="-0.518960" y="1.300000" x="-0.214959"/>
                <normal z="-0.000000" y="-1.000000" x="0.000000"/>
                <texcoord u="0.503934" v="0.584631"/>
            </vertex>
            <vertex>
                <position z="-0.312074" y="1.300000" x="-0.467051"/>
                <normal z="-0.000000" y="-1.000000" x="0.000000"/>
                <texcoord u="0.536805" v="0.448683"/>
            </vertex>
            <vertex>
                <position z="-0.467052" y="1.300000" x="-0.312073"/>
                <normal z="-0.000000" y="-1.000000" x="0.000000"/>
                <texcoord u="0.514673" v="0.538676"/>
            </vertex>
            <vertex>
                <position z="-0.550925" y="1.300000" x="-0.109585"/>
                <normal z="-0.000000" y="-1.000000" x="0.000000"/>
                <texcoord u="0.492611" v="0.628871"/>
            </vertex>
            <vertex>
                <position z="-0.109586" y="1.300000" x="0.550924"/>
                <normal z="-0.000000" y="-1.000000" x="0.000000"/>
                <texcoord u="0.919263" v="0.758012"/>
            </vertex>
            <vertex>
                <position z="0.312073" y="1.300000" x="0.467051"/>
                <normal z="-0.000000" y="-1.000000" x="0.000000"/>
                <texcoord u="0.849305" v="0.631317"/>
            </vertex>
            <vertex>
                <position z="0.550924" y="1.300000" x="0.109585"/>
                <normal z="-0.000000" y="-1.000000" x="0.000000"/>
                <texcoord u="0.805111" v="0.451130"/>
            </vertex>
            <vertex>
                <position z="-1.000000" y="0.000000" x="1.000000"/>
                <normal z="-0.000000" y="-1.000000" x="0.000000"/>
                <texcoord u="0.187500" v="1.000000"/>
            </vertex>
            <vertex>
                <position z="1.000000" y="0.000000" x="1.000000"/>
                <normal z="-0.000000" y="-1.000000" x="0.000000"/>
                <texcoord u="0.187500" v="2.000000"/>
            </vertex>
            <vertex>
                <position z="1.000000" y="0.000000" x="-1.000000"/>
                <normal z="-0.000000" y="-1.000000" x="0.000000"/>
                <texcoord u="-0.437500" v="2.000000"/>
            </vertex>
            <vertex>
                <position z="-1.000000" y="0.000000" x="-1.000000"/>
                <normal z="-0.000000" y="-1.000000" x="0.000000"/>
                <texcoord u="-0.437500" v="1.000000"/>
            </vertex>
            <vertex>
                <position z="-0.999999" y="2.000000" x="1.000000"/>
                <normal z="0.000000" y="1.000000" x="0.000000"/>
                <texcoord u="0.452067" v="0.242412"/>
            </vertex>
            <vertex>
                <position z="-1.000000" y="2.000000" x="-1.000000"/>
                <normal z="0.000000" y="1.000000" x="0.000000"/>
                <texcoord u="0.097010" v="0.242411"/>
            </vertex>
            <vertex>
                <position z="1.000000" y="2.000000" x="-1.000000"/>
                <normal z="0.000000" y="1.000000" x="0.000000"/>
                <texcoord u="0.097010" v="0.810502"/>
            </vertex>
            <vertex>
                <position z="1.000001" y="2.000000" x="0.999999"/>
                <normal z="0.000000" y="1.000000" x="0.000000"/>
                <texcoord u="0.452067" v="0.810502"/>
            </vertex>
            <vertex>
                <position z="-1.000000" y="0.000000" x="1.000000"/>
                <normal z="0.000000" y="0.000000" x="1.000000"/>
                <texcoord u="0.187500" v="1.000000"/>
            </vertex>
            <vertex>
                <position z="-0.999999" y="2.000000" x="1.000000"/>
                <normal z="0.000000" y="0.000000" x="1.000000"/>
                <texcoord u="0.187500" v="0.000000"/>
            </vertex>
            <vertex>
                <position z="1.000001" y="2.000000" x="0.999999"/>
                <normal z="0.000000" y="0.000000" x="1.000000"/>
                <texcoord u="-0.437500" v="0.000000"/>
            </vertex>
            <vertex>
                <position z="1.000000" y="0.000000" x="1.000000"/>
                <normal z="0.000000" y="0.000000" x="1.000000"/>
                <texcoord u="-0.437500" v="1.000000"/>
            </vertex>
            <vertex>
                <position z="1.000000" y="0.000000" x="1.000000"/>
                <normal z="1.000000" y="-0.000000" x="-0.000000"/>
                <texcoord u="0.187500" v="1.000000"/>
            </vertex>
            <vertex>
                <position z="1.000001" y="2.000000" x="0.999999"/>
                <normal z="1.000000" y="-0.000000" x="-0.000000"/>
                <texcoord u="0.187500" v="0.000000"/>
            </vertex>
            <vertex>
                <position z="1.000000" y="2.000000" x="-1.000000"/>
                <normal z="1.000000" y="-0.000000" x="-0.000000"/>
                <texcoord u="-0.437500" v="0.000000"/>
            </vertex>
            <vertex>
                <position z="1.000000" y="0.000000" x="-1.000000"/>
                <normal z="1.000000" y="-0.000000" x="-0.000000"/>
                <texcoord u="-0.437500" v="1.000000"/>
            </vertex>
            <vertex>
                <position z="1.000000" y="0.000000" x="-1.000000"/>
                <normal z="-0.000000" y="-0.000000" x="-1.000000"/>
                <texcoord u="0.452067" v="0.810502"/>
            </vertex>
            <vertex>
                <position z="1.000000" y="2.000000" x="-1.000000"/>
                <normal z="-0.000000" y="-0.000000" x="-1.000000"/>
                <texcoord u="0.452067" v="0.242411"/>
            </vertex>
            <vertex>
                <position z="-1.000000" y="2.000000" x="-1.000000"/>
                <normal z="-0.000000" y="-0.000000" x="-1.000000"/>
                <texcoord u="0.807123" v="0.242411"/>
            </vertex>
            <vertex>
                <position z="-1.000000" y="0.000000" x="-1.000000"/>
                <normal z="-0.000000" y="-0.000000" x="-1.000000"/>
                <texcoord u="0.807123" v="0.810502"/>
            </vertex>
            <vertex>
                <position z="-0.999999" y="2.000000" x="1.000000"/>
                <normal z="-1.000000" y="0.000000" x="0.000000"/>
                <texcoord u="0.187500" v="1.000000"/>
            </vertex>
            <vertex>
                <position z="-1.000000" y="0.000000" x="1.000000"/>
                <normal z="-1.000000" y="0.000000" x="0.000000"/>
                <texcoord u="0.187500" v="2.000000"/>
            </vertex>
            <vertex>
                <position z="-1.000000" y="0.000000" x="-1.000000"/>
                <normal z="-1.000000" y="0.000000" x="0.000000"/>
                <texcoord u="-0.437500" v="2.000000"/>
            </vertex>
            <vertex>
                <position z="-1.000000" y="2.000000" x="-1.000000"/>
                <normal z="-1.000000" y="0.000000" x="0.000000"/>
                <texcoord u="-0.437500" v="1.000000"/>
            </vertex>
        </vertexbuffer>
    </sharedgeometry>
    <submeshes>
        <submesh use32bitindexes="False" operationtype="triangle_list" usesharedvertices="true" material="Material">
            <faces count="12">
                <face v1="136" v3="138" v2="137"/>
                <face v1="136" v3="139" v2="138"/>
                <face v1="140" v3="142" v2="141"/>
                <face v1="140" v3="143" v2="142"/>
                <face v1="144" v3="146" v2="145"/>
                <face v1="144" v3="147" v2="146"/>
                <face v1="148" v3="150" v2="149"/>
                <face v1="148" v3="151" v2="150"/>
                <face v1="152" v3="154" v2="153"/>
                <face v1="152" v3="155" v2="154"/>
                <face v1="156" v3="158" v2="157"/>
                <face v1="156" v3="159" v2="158"/>
            </faces>
        </submesh>
        <submesh use32bitindexes="False" operationtype="triangle_list" usesharedvertices="true" material="Material.001">
            <faces count="62">
                <face v1="0" v3="2" v2="1"/>
                <face v1="3" v3="5" v2="4"/>
                <face v1="6" v3="8" v2="7"/>
                <face v1="9" v3="11" v2="10"/>
                <face v1="12" v3="14" v2="13"/>
                <face v1="15" v3="17" v2="16"/>
                <face v1="18" v3="20" v2="19"/>
                <face v1="21" v3="23" v2="22"/>
                <face v1="24" v3="26" v2="25"/>
                <face v1="27" v3="29" v2="28"/>
                <face v1="30" v3="32" v2="31"/>
                <face v1="33" v3="35" v2="34"/>
                <face v1="36" v3="38" v2="37"/>
                <face v1="39" v3="41" v2="40"/>
                <face v1="42" v3="44" v2="43"/>
                <face v1="45" v3="47" v2="46"/>
                <face v1="48" v3="50" v2="49"/>
                <face v1="51" v3="53" v2="52"/>
                <face v1="54" v3="56" v2="55"/>
                <face v1="57" v3="59" v2="58"/>
                <face v1="60" v3="62" v2="61"/>
                <face v1="63" v3="65" v2="64"/>
                <face v1="66" v3="68" v2="67"/>
                <face v1="69" v3="71" v2="70"/>
                <face v1="72" v3="74" v2="73"/>
                <face v1="75" v3="77" v2="76"/>
                <face v1="78" v3="80" v2="79"/>
                <face v1="81" v3="83" v2="82"/>
                <face v1="84" v3="86" v2="85"/>
                <face v1="87" v3="89" v2="88"/>
                <face v1="90" v3="92" v2="91"/>
                <face v1="93" v3="95" v2="94"/>
                <face v1="96" v3="98" v2="97"/>
                <face v1="99" v3="101" v2="100"/>
                <face v1="102" v3="104" v2="103"/>
                <face v1="104" v3="106" v2="105"/>
                <face v1="106" v3="108" v2="107"/>
                <face v1="108" v3="110" v2="109"/>
                <face v1="110" v3="112" v2="111"/>
                <face v1="112" v3="114" v2="113"/>
                <face v1="114" v3="116" v2="115"/>
                <face v1="116" v3="118" v2="117"/>
                <face v1="118" v3="120" v2="119"/>
                <face v1="120" v3="122" v2="121"/>
                <face v1="122" v3="124" v2="123"/>
                <face v1="124" v3="126" v2="125"/>
                <face v1="126" v3="128" v2="127"/>
                <face v1="128" v3="98" v2="129"/>
                <face v1="97" v3="98" v2="102"/>
                <face v1="102" v3="106" v2="104"/>
                <face v1="106" v3="110" v2="108"/>
                <face v1="110" v3="114" v2="112"/>
                <face v1="114" v3="118" v2="116"/>
                <face v1="118" v3="122" v2="120"/>
                <face v1="122" v3="126" v2="124"/>
                <face v1="130" v3="132" v2="131"/>
                <face v1="102" v3="98" v2="106"/>
                <face v1="133" v3="135" v2="134"/>
                <face v1="114" v3="122" v2="118"/>
                <face v1="122" v3="98" v2="126"/>
                <face v1="106" v3="98" v2="114"/>
                <face v1="114" v3="98" v2="122"/>
            </faces>
        </submesh>
    </submeshes>
    <submeshnames>
        <submesh index="0" name="Material">
        </submesh>
        <submesh index="1" name="Material.001">
        </submesh>
    </submeshnames>
</mesh>